{
  "project_info": {
    "project_number": "429711984628",
    "project_id": "lbar-messenger",
    "storage_bucket": "lbar-messenger.appspot.com"
  },
  "client": [
    {
      "client_info": {
        "mobilesdk_app_id": "1:429711984628:android:13fb13fadb1abe10eddba1",
        "android_client_info": {
          "package_name": "com.example.lbar"
        }
      },
      "oauth_client": [
        {
          "client_id": "429711984628-jv5tmut6g9suokiitdk6ts0ehi3q958r.apps.googleusercontent.com",
          "client_type": 3
        }
      ],
      "api_key": [
        {
          "current_key": "AIzaSyAhmFA-S31uVOZ7V0zyseu8_sp1IMUQrhQ"
        }
      ],
      "services": {
        "appinvite_service": {
          "other_platform_oauth_client": [
            {
              "client_id": "429711984628-jv5tmut6g9suokiitdk6ts0ehi3q958r.apps.googleusercontent.com",
              "client_type": 3
            }
          ]
        }
      }
    }
  ],
  "configuration_version": "1"
}